trial_id,timestamp_s,vicon_timestamp_s,object_id,label,pred_min_x,pred_min_y,pred_max_x,pred_max_y,gt_min_x,gt_min_y,gt_max_x,gt_max_y,score_m,missed_detection,placeholder,session_id,capture_id,capture_index,raw_continuous,stable_pose,gt_center_x,gt_center_y,gt_yaw_rad,observer_x,observer_y,observer_z,observer_yaw_rad
chair-session-001-capture-000001,1787076011.031323910,1787076011.028760672,obj-1,chair,,,,,-0.263722771,-0.991411631,0.326250266,-0.412526390,,true,false,chair-session-001,chair-session-001-capture-000001,1,true,true,0.031263748,-0.701969011,1.572013138,-0.070000000,-2.390000000,-0.490000000,1.555088364
chair-session-001-capture-000002,1787076014.529622793,1787076014.538332224,obj-1,chair,-0.286904454,-0.983415106,0.462845475,0.440689493,-0.263697793,-0.991409225,0.326264558,-0.412534807,0.007994119,false,false,chair-session-001,chair-session-001-capture-000002,2,true,true,0.031283382,-0.701972016,1.571994592,-0.070000000,-2.390000000,-0.460000000,1.535889742
chair-session-001-capture-000003,1787076017.530738592,1787076017.522084236,obj-1,chair,-0.243854711,-0.991747933,0.454781210,0.416369023,-0.263693321,-0.991397023,0.326252446,-0.412538445,0.019838610,false,false,chair-session-001,chair-session-001-capture-000003,3,true,true,0.031279562,-0.701967734,1.571967284,-0.070000000,-2.390000000,-0.490000000,1.558579022
chair-session-001-capture-000004,1787076021.028953791,1787076021.054843664,obj-1,chair,-0.276868436,-0.976112219,0.391973315,0.439101653,-0.263699185,-0.991406236,0.326265568,-0.412527406,0.015294017,false,false,chair-session-001,chair-session-001-capture-000004,4,true,true,0.031283191,-0.701966821,1.572001407,-0.070000000,-2.390000000,-0.490000000,1.537635071
chair-session-001-capture-000005,1787076024.031500816,1787076024.027785778,obj-1,chair,-0.264585373,-0.984152741,0.428657793,0.427883444,-0.263709443,-0.991419845,0.326253331,-0.412545097,0.007267104,false,false,chair-session-001,chair-session-001-capture-000005,5,true,true,0.031271944,-0.701982471,1.571995623,-0.070000000,-2.390000000,-0.510000000,1.549852376
chair-session-001-capture-000006,1787076027.030548573,1787076027.023080587,obj-1,chair,-0.281024956,-0.983346994,0.304253366,-0.551328024,-0.263717208,-0.991401470,0.326247522,-0.412523977,0.138804047,false,false,chair-session-001,chair-session-001-capture-000006,6,true,true,0.031265157,-0.701962724,1.571999089,-0.070000000,-2.380000000,-0.500000000,1.602212253
chair-session-001-capture-000007,1787076030.029278040,1787076030.028353691,obj-1,chair,-0.253807905,-0.987409089,0.386675285,0.407954964,-0.263318158,-0.991025680,0.326001390,-0.412818912,0.009510253,false,false,chair-session-001,chair-session-001-capture-000007,7,true,true,0.031341616,-0.701922296,1.570872535,-0.070000000,-2.380000000,-0.490000000,1.602212253
chair-session-001-capture-000009,1787076036.527391911,1787076036.526854992,obj-1,chair,-1.001373162,-1.201403133,-0.268130418,-0.364119798,-0.945683442,-1.189770796,-0.287162190,-0.539441499,0.000000000,false,false,chair-session-001,chair-session-001-capture-000009,9,true,true,-0.616422816,-0.864606147,1.438830444,-0.070000000,-2.390000000,-0.520000000,1.583013632
chair-session-001-capture-000010,1787076039.527844906,1787076039.529210806,obj-1,chair,-0.863591710,-1.201491084,-0.269927697,-0.742207996,-0.944073488,-1.191669677,-0.286298675,-0.542039798,0.200168198,false,false,chair-session-001,chair-session-001-capture-000010,10,true,true,-0.615186082,-0.866854737,1.440569852,-0.070000000,-2.380000000,-0.510000000,1.591740278
chair-session-001-capture-000011,1787076043.033216953,1787076043.026751757,obj-1,chair,-0.939403944,-1.196677606,-0.342332321,-0.505800794,-1.121892216,-0.584285656,-0.490333907,0.037038334,0.542839128,false,false,chair-session-001,chair-session-001-capture-000011,11,true,true,-0.806113061,-0.273623661,1.492800247,-0.070000000,-2.390000000,-0.490000000,1.553343034
chair-session-001-capture-000012,1787076046.029856443,1787076046.037022591,obj-1,chair,-0.939403944,-1.196677606,-0.342332321,-0.505800794,-1.116687000,-0.585705680,-0.486670314,0.033937626,0.539738419,false,false,chair-session-001,chair-session-001-capture-000012,12,true,true,-0.801678657,-0.275884027,1.496256445,-0.070000000,-2.380000000,-0.500000000,1.586504290
chair-session-001-capture-000014,1787076052.028763294,1787076052.028063774,obj-1,chair,-0.939403944,-1.196677606,-0.342332321,-0.505800794,-0.721729488,-0.936700121,0.101157118,-0.113006242,0.443489439,false,false,chair-session-001,chair-session-001-capture-000014,14,true,true,-0.310286185,-0.524853182,2.295275445,-0.060000000,-2.380000000,-0.510000000,1.521927108
chair-session-001-capture-000015,1787076055.027292013,1787076055.026875973,obj-1,chair,-0.664477287,-0.775322211,0.103710499,0.011635686,-0.720853701,-0.935733359,0.102081365,-0.112042478,0.160411147,false,false,chair-session-001,chair-session-001-capture-000015,15,true,true,-0.309386168,-0.523887918,2.294997243,-0.070000000,-2.380000000,-0.480000000,1.553343034
chair-session-001-capture-000017,1787076061.529129267,1787076061.529845953,obj-1,chair,0.345308619,-1.094398571,1.481623961,0.480121250,0.438008010,-1.069389122,1.048512090,-0.470029939,0.000000000,false,false,chair-session-001,chair-session-001-capture-000017,17,true,true,0.743260050,-0.769709531,1.532043832,-0.060000000,-2.380000000,-0.500000000,1.494001840
chair-session-001-capture-000018,1787076064.527101278,1787076064.530074835,obj-1,chair,0.411122308,-1.110660619,1.156572168,-0.276919309,0.438228229,-1.071191332,1.053783674,-0.466659862,0.000000000,false,false,chair-session-001,chair-session-001-capture-000018,18,true,true,0.746005952,-0.768925597,1.522900949,-0.070000000,-2.380000000,-0.500000000,1.535889742
chair-session-001-capture-000020,1787076071.029268265,1787076071.038769484,obj-1,chair,-0.325873055,-1.648668483,0.153999065,-0.977334138,-0.413599740,-1.678240620,0.203208235,-1.072986221,0.087726684,false,false,chair-session-001,chair-session-001-capture-000020,20,true,true,-0.105195752,-1.375613420,1.520529021,-0.070000000,-2.370000000,-0.490000000,1.598721595
chair-session-001-capture-000021,1787076074.035348177,1787076074.043425083,obj-1,chair,-0.395745960,-1.667923870,0.122533600,-0.979364098,-0.415375718,-1.678160042,0.202273363,-1.071853358,0.079739764,false,false,chair-session-001,chair-session-001-capture-000021,21,true,true,-0.106551177,-1.375006700,1.519163245,-0.070000000,-2.380000000,-0.500000000,1.537635071
chair-session-001-capture-000023,1787076080.031488419,1787076080.031822205,obj-1,chair,-0.476129310,-1.263904310,0.072815495,-0.166204423,-0.370821296,-0.664258827,0.238531030,-0.065244849,0.165715535,false,false,chair-session-001,chair-session-001-capture-000023,23,true,true,-0.066145133,-0.364751838,1.606953835,-0.060000000,-2.380000000,-0.510000000,1.548107047
chair-session-001-capture-000024,1787076083.534673929,1787076083.537214041,obj-1,chair,-0.476129310,-1.263904310,0.072815495,-0.166204423,-0.375782786,-0.668475221,0.239539291,-0.063384009,0.166723796,false,false,chair-session-001,chair-session-001-capture-000024,24,true,true,-0.068121748,-0.365929615,1.617602904,-0.070000000,-2.380000000,-0.500000000,1.544616388
chair-session-001-capture-000026,1787076089.529063225,1787076089.533477783,obj-1,chair,-1.033516218,-1.212901090,-0.382087882,-0.642422326,-1.108721434,-1.202817775,-0.458871382,-0.562720624,0.079701702,false,false,chair-session-001,chair-session-001-capture-000026,26,true,true,-0.783796408,-0.882769199,1.457913566,-0.060000000,-2.380000000,-0.500000000,1.532399083
chair-session-001-capture-000027,1787076092.531006813,1787076092.535777807,obj-1,chair,-1.012918904,-1.250251920,-0.385615792,-0.742678288,-1.111215092,-1.206103262,-0.458505519,-0.562534151,0.180144137,false,false,chair-session-001,chair-session-001-capture-000027,27,true,true,-0.784860306,-0.884318706,1.451654274,-0.070000000,-2.380000000,-0.490000000,1.537635071
chair-session-001-capture-000028,1787076096.032007694,1787076096.033434153,obj-1,chair,-1.447410096,-1.230809500,-0.386936927,0.202387432,-1.109186724,-1.201148830,-0.460878799,-0.561984072,0.000000000,false,false,chair-session-001,chair-session-001-capture-000028,28,true,true,-0.785032762,-0.881566451,1.460084711,-0.070000000,-2.380000000,-0.500000000,1.520181778
chair-session-001-capture-000030,1787076102.032644510,1787076102.029356718,obj-1,chair,-1.440750260,-1.193671675,-0.368719022,0.277967961,-1.057886507,-0.640689560,-0.247519763,0.172966631,0.121199259,false,false,chair-session-001,chair-session-001-capture-000030,30,true,true,-0.652703135,-0.233861465,0.606739949,-0.060000000,-2.380000000,-0.490000000,1.544616388
chair-session-001-capture-000031,1787076105.027192354,1787076105.036411524,obj-1,chair,-1.440750260,-1.193671675,-0.368719022,0.277967961,-1.057093421,-0.640960165,-0.245524300,0.173738166,0.123194722,false,false,chair-session-001,chair-session-001-capture-000031,31,true,true,-0.651308860,-0.233611000,0.613092826,-0.070000000,-2.380000000,-0.490000000,1.502728486
chair-session-001-capture-000032,1787076108.032552719,1787076108.034351587,obj-1,chair,,,,,-1.056850765,-0.640854807,-0.245419299,0.173717211,,true,false,chair-session-001,chair-session-001-capture-000032,32,true,true,-0.651135032,-0.233568798,0.612249719,-0.070000000,-2.370000000,-0.510000000,1.516691120
chair-session-001-capture-000033,1787076111.033603907,1787076111.043458939,obj-1,chair,,,,,-1.046023784,-0.628520156,-0.237874545,0.182258632,,true,false,chair-session-001,chair-session-001-capture-000033,33,true,true,-0.641949165,-0.223130762,0.591632977,-0.070000000,-2.370000000,-0.490000000,1.556833693
chair-session-001-capture-000034,1787076114.033616543,1787076114.023977041,obj-1,chair,,,,,-0.394644664,-0.511126765,0.202293125,0.073243903,,true,false,chair-session-001,chair-session-001-capture-000034,34,true,true,-0.096175770,-0.218941431,1.554019870,-0.060000000,-2.380000000,-0.510000000,1.549852376
chair-session-001-capture-000035,1787076117.029964209,1787076117.029748917,obj-1,chair,-0.547193628,-0.113500945,0.159685065,0.824642889,-0.384700896,-0.523189837,0.214897772,0.064653907,0.409688891,false,false,chair-session-001,chair-session-001-capture-000035,35,true,true,-0.084901562,-0.229267965,1.550850388,-0.060000000,-2.380000000,-0.490000000,1.521927108
chair-session-001-capture-000036,1787076120.032887459,1787076120.029347181,obj-1,chair,-0.459712963,-0.107716897,0.285496022,0.805707127,-0.384491983,-0.524572795,0.215776190,0.064008360,0.416855897,false,false,chair-session-001,chair-session-001-capture-000036,36,true,true,-0.084357896,-0.230282217,1.549815939,-0.070000000,-2.370000000,-0.500000000,1.541125730
chair-session-001-capture-000038,1787076126.531808853,1787076126.535885334,obj-1,chair,-1.353250906,0.042428200,-0.453169801,1.094607725,-1.030658465,-0.273908879,-0.433672194,0.312809638,0.316337079,false,false,chair-session-001,chair-session-001-capture-000038,38,true,true,-0.732165329,0.019450379,1.585000220,-0.070000000,-2.370000000,-0.490000000,1.497492498
chair-session-001-capture-000040,1787076132.529191256,1787076132.531888962,obj-1,chair,,,,,-0.518007504,-1.657553676,0.113879339,-1.032374009,,true,false,chair-session-001,chair-session-001-capture-000040,40,true,true,-0.202064083,-1.344963842,1.651543322,-0.070000000,-2.370000000,-0.500000000,1.511455132
chair-session-001-capture-000041,1787076135.533807039,1787076135.537747145,obj-1,chair,-0.421648320,-1.633777050,0.097822307,-0.893274895,-0.520326789,-1.657266797,0.111144002,-1.032181103,0.098678469,false,false,chair-session-001,chair-session-001-capture-000041,41,true,true,-0.204591394,-1.344723950,1.651177355,-0.070000000,-2.380000000,-0.500000000,1.569050998
chair-session-001-capture-000042,1787076139.029423714,1787076139.034385443,obj-1,chair,-0.182155248,-1.604147013,0.165566791,-0.857531777,-0.285721665,-1.014785925,0.333643268,-0.405933378,0.451598400,false,false,chair-session-001,chair-session-001-capture-000042,42,true,true,0.023960802,-0.710359651,1.624269297,-0.070000000,-2.370000000,-0.490000000,1.513200461
chair-session-001-capture-000043,1787076142.032345772,1787076142.032361746,obj-1,chair,-0.196237272,-1.607064482,0.158171362,-0.866150950,-0.288752011,-1.018592180,0.330892271,-0.409353940,0.456797010,false,false,chair-session-001,chair-session-001-capture-000043,43,true,true,0.021070130,-0.713973060,1.625044486,-0.070000000,-2.370000000,-0.500000000,1.516691120
chair-session-001-capture-000044,1787076145.029084444,1787076145.040406227,obj-1,chair,-0.242293353,-1.008128771,0.445057103,0.370459447,-0.288876095,-1.018655419,0.330785916,-0.409393656,0.046582741,false,false,chair-session-001,chair-session-001-capture-000044,44,true,true,0.020954910,-0.714024538,1.625087354,-0.070000000,-2.370000000,-0.490000000,1.565560339
chair-session-001-capture-000045,1787076148.028842688,1787076148.026238203,obj-1,chair,-0.293448710,-0.998026569,0.376843252,0.367537354,-0.288941090,-1.018689572,0.330743820,-0.409404769,0.020663003,false,false,chair-session-001,chair-session-001-capture-000045,45,true,true,0.020901365,-0.714047170,1.625130209,-0.070000000,-2.380000000,-0.510000000,1.520181778
chair-session-001-capture-000046,1787076151.028994083,1787076151.026196957,obj-1,chair,-0.257678631,-1.010313355,0.472015240,0.375510635,-0.288952761,-1.018719328,0.330746965,-0.409417062,0.031274130,false,false,chair-session-001,chair-session-001-capture-000046,46,true,true,0.020897102,-0.714068195,1.625160287,-0.070000000,-2.370000000,-0.500000000,1.549852376
chair-session-001-capture-000047,1787076154.530330420,1787076154.528325081,obj-1,chair,-0.284150199,-1.004639734,0.339140681,-0.680148161,-0.288987515,-1.018723909,0.330720960,-0.409413181,0.270734980,false,false,chair-session-001,chair-session-001-capture-000047,47,true,true,0.020866722,-0.714068545,1.625176253,-0.060000000,-2.370000000,-0.510000000,1.532399083
chair-session-001-capture-000048,1787076157.530148268,1787076157.524555445,obj-1,chair,-0.241000771,-0.997802598,0.387859745,-0.202836211,-0.289013649,-1.018742517,0.330702586,-0.409424105,0.048012878,false,false,chair-session-001,chair-session-001-capture-000048,48,true,true,0.020844469,-0.714083311,1.625190260,-0.070000000,-2.370000000,-0.490000000,1.565560339
chair-session-001-capture-000049,1787076160.533604860,1787076160.535039663,obj-1,chair,-0.262077641,-1.007110980,0.344767134,-0.602034017,-0.289007512,-1.018729563,0.330700449,-0.409417038,0.192616979,false,false,chair-session-001,chair-session-001-capture-000049,49,true,true,0.020846469,-0.714073300,1.625178117,-0.070000000,-2.370000000,-0.500000000,1.544616388
chair-session-001-capture-000050,1787076163.533083200,1787076163.526784420,obj-1,chair,-0.307032304,-0.999703167,0.309176828,-0.606860888,-0.289036342,-1.018731164,0.330678210,-0.409411957,0.197448931,false,false,chair-session-001,chair-session-001-capture-000050,50,true,true,0.020820934,-0.714071561,1.625189855,-0.060000000,-2.380000000,-0.490000000,1.534144413
chair-session-001-capture-000051,1787076166.532968998,1787076166.525485516,obj-1,chair,-0.274389477,-1.010110121,0.451830521,0.373285214,-0.289046620,-1.018732454,0.330658826,-0.409424325,0.014657143,false,false,chair-session-001,chair-session-001-capture-000051,51,true,true,0.020806103,-0.714078389,1.625171366,-0.070000000,-2.370000000,-0.510000000,1.539380400
chair-session-001-capture-000052,1787076169.531293869,1787076169.525759935,obj-1,chair,-0.253426697,-1.005819294,0.435106190,0.378816768,-0.289028931,-1.018724664,0.330680542,-0.409413655,0.035602234,false,false,chair-session-001,chair-session-001-capture-000052,52,true,true,0.020825806,-0.714069160,1.625177986,-0.060000000,-2.380000000,-0.510000000,1.548107047
chair-session-001-capture-000053,1787076173.032721519,1787076173.031613827,obj-1,chair,-0.260918567,-1.003407230,0.364659472,-0.603858661,-0.289026466,-1.018747227,0.330685286,-0.409431336,0.194427325,false,false,chair-session-001,chair-session-001-capture-000053,53,true,true,0.020829410,-0.714089281,1.625184172,-0.070000000,-2.380000000,-0.500000000,1.548107047
chair-session-001-capture-000054,1787076176.025657892,1787076176.027687073,obj-1,chair,-0.364126299,-0.588410327,0.397095215,0.343477370,-0.289019083,-1.018722861,0.330685908,-0.409412329,0.430312534,false,false,chair-session-001,chair-session-001-capture-000054,54,true,true,0.020833413,-0.714067595,1.625173523,-0.050000000,-2.370000000,0.190000000,1.761037215
chair-session-001-capture-000055,1787076179.025398493,1787076179.018341780,obj-1,chair,-0.364126299,-0.588410327,0.397095215,0.343477370,-0.289048075,-1.018717563,0.330662821,-0.409402029,0.430307236,false,false,chair-session-001,chair-session-001-capture-000055,55,true,true,0.020807373,-0.714059796,1.625183291,-0.080000000,-2.370000000,-0.130000000,1.755801228
chair-session-001-capture-000056,1787076182.024978161,1787076182.026457787,obj-1,chair,,,,,-0.289028211,-1.018716460,0.330665950,-0.409416647,,true,false,chair-session-001,chair-session-001-capture-000056,56,true,true,0.020818870,-0.714066553,1.625153761,-0.070000000,-2.370000000,-0.040000000,1.754055898
chair-session-001-capture-000057,1787076185.027331352,1787076185.032572985,obj-1,chair,-0.219152731,-0.981232650,0.309972086,-0.382727972,-0.289034541,-1.018722228,0.330674419,-0.409409011,0.069881809,false,false,chair-session-001,chair-session-001-capture-000057,57,true,true,0.020819939,-0.714065619,1.625180330,-0.070000000,-2.370000000,-0.050000000,1.757546557
chair-session-001-capture-000058,1787076188.025239706,1787076188.031223536,obj-1,chair,-0.220662437,-0.979137445,0.378089442,0.446336567,-0.289022648,-1.018717255,0.330686015,-0.409402059,0.068360211,false,false,chair-session-001,chair-session-001-capture-000058,58,true,true,0.020831684,-0.714059657,1.625181748,-0.070000000,-2.380000000,-0.060000000,1.759291886
