trial_id,timestamp_s,vicon_timestamp_s,object_id,label,pred_min_x,pred_min_y,pred_max_x,pred_max_y,gt_min_x,gt_min_y,gt_max_x,gt_max_y,score_m,missed_detection,placeholder
placeholder-trial-01,0.0,0.0,obj-1,placeholder,0.0,0.0,1.0,1.0,-0.35,-0.35,1.35,1.35,0.35,false,true
placeholder-trial-02,0.0,0.0,obj-1,placeholder,0.0,0.0,1.0,1.0,-0.35,-0.35,1.35,1.35,0.35,false,true
placeholder-trial-03,0.0,0.0,obj-1,placeholder,0.0,0.0,1.0,1.0,-0.35,-0.35,1.35,1.35,0.35,false,true
placeholder-trial-04,0.0,0.0,obj-1,placeholder,0.0,0.0,1.0,1.0,-0.35,-0.35,1.35,1.35,0.35,false,true
placeholder-trial-05,0.0,0.0,obj-1,placeholder,0.0,0.0,1.0,1.0,-0.35,-0.35,1.35,1.35,0.35,false,true
placeholder-trial-06,0.0,0.0,obj-1,placeholder,0.0,0.0,1.0,1.0,-0.35,-0.35,1.35,1.35,0.35,false,true
placeholder-trial-07,0.0,0.0,obj-1,placeholder,0.0,0.0,1.0,1.0,-0.35,-0.35,1.35,1.35,0.35,false,true
placeholder-trial-08,0.0,0.0,obj-1,placeholder,0.0,0.0,1.0,1.0,-0.35,-0.35,1.35,1.35,0.35,false,true
placeholder-trial-09,0.0,0.0,obj-1,placeholder,0.0,0.0,1.0,1.0,-0.35,-0.35,1.35,1.35,0.35,false,true
